"Original asset URL","Type","HTTP status","Local file","Size (bytes)","Status","Note"
"https://kprverse.com/og.jpg","image","200","assets/images/og.jpg","1053107","done",""
"https://kprverse.com/favicon.svg","favicon","200","assets/icons/favicon.svg","2026","done",""
"https://kprverse.com/_nuxt/entry.9cfb39b7.js","js","200","assets/js/entry.9cfb39b7.js","704006","done",""
"https://kprverse.com/_nuxt/entry.6ad9710f.css","css","200","assets/css/entry.6ad9710f.css","36230","done",""
"https://kprverse.com/_nuxt/default.45cbc3e1.js","js","200","assets/js/default.45cbc3e1.js","4666","done",""
"https://kprverse.com/_nuxt/the-frame-simple.e372cb51.js","js","200","assets/js/the-frame-simple.e372cb51.js","2729","done",""
"https://kprverse.com/_nuxt/the-frame-layer.7c1528dd.js","js","200","assets/js/the-frame-layer.7c1528dd.js","3955","done",""
"https://kprverse.com/_nuxt/btn-burger.a7755097.js","js","200","assets/js/btn-burger.a7755097.js","556","done",""
"https://kprverse.com/_nuxt/the-frame-progress.acfcaeae.js","js","200","assets/js/the-frame-progress.acfcaeae.js","830","done",""
"https://kprverse.com/_nuxt/useRaf.7f5a4d1b.js","js","200","assets/js/useRaf.7f5a4d1b.js","557","done",""
"https://kprverse.com/_nuxt/the-frame-submenu.555ed9f1.js","js","200","assets/js/the-frame-submenu.555ed9f1.js","14984","done",""
"https://kprverse.com/_nuxt/dot-caption.2ca01509.js","js","200","assets/js/dot-caption.2ca01509.js","1467","done",""
"https://kprverse.com/_nuxt/dot.a825b67b.js","js","200","assets/js/dot.a825b67b.js","492","done",""
"https://kprverse.com/_nuxt/hacky-text.e29ccd00.js","js","200","assets/js/hacky-text.e29ccd00.js","2367","done",""
"https://kprverse.com/_nuxt/useScrollTrigger.668dacf1.js","js","200","assets/js/useScrollTrigger.668dacf1.js","494","done",""
"https://kprverse.com/_nuxt/link-hover.660ebbcb.js","js","200","assets/js/link-hover.660ebbcb.js","1418","done",""
"https://kprverse.com/_nuxt/nuxt-link.df8d2c3a.js","js","200","assets/js/nuxt-link.df8d2c3a.js","4355","done",""
"https://kprverse.com/_nuxt/wallet-info.d15fd5c0.js","js","200","assets/js/wallet-info.d15fd5c0.js","2468","done",""
"https://kprverse.com/_nuxt/client-only.0bc4eda3.js","js","200","assets/js/client-only.0bc4eda3.js","466","done",""
"https://kprverse.com/_nuxt/disconnect.e4fbea1d.js","js","200","assets/js/disconnect.e4fbea1d.js","118","done",""
"https://kprverse.com/_nuxt/detail-corner.7b4e24fe.js","js","200","assets/js/detail-corner.7b4e24fe.js","312","done",""
"https://kprverse.com/_nuxt/wallet.07efbb33.js","js","200","assets/js/wallet.07efbb33.js","645","done",""
"https://kprverse.com/_nuxt/chevron.8c0adbe5.js","js","200","assets/js/chevron.8c0adbe5.js","327","done",""
"https://kprverse.com/_nuxt/wallet-store.6109ae03.js","js","200","assets/js/wallet-store.6109ae03.js","318068","done",""
"https://kprverse.com/_nuxt/index.77e4f8bb.js","js","200","assets/js/index.77e4f8bb.js","2805","done",""
"https://kprverse.com/_nuxt/btn-wallet-connect.afb5e615.js","js","200","assets/js/btn-wallet-connect.afb5e615.js","2125","done",""
"https://kprverse.com/_nuxt/btn-close.283d16d4.js","js","200","assets/js/btn-close.283d16d4.js","1471","done",""
"https://kprverse.com/_nuxt/hover-sfx.90813991.js","js","200","assets/js/hover-sfx.90813991.js","779","done",""
"https://kprverse.com/_nuxt/close-stroke.d4ceb1d3.js","js","200","assets/js/close-stroke.d4ceb1d3.js","337","done",""
"https://kprverse.com/_nuxt/wallet-connect.d1befc57.js","js","200","assets/js/wallet-connect.d1befc57.js","195","done",""
"https://kprverse.com/_nuxt/the-frame-submenu-protocol.073abced.js","js","200","assets/js/the-frame-submenu-protocol.073abced.js","5389","done",""
"https://kprverse.com/_nuxt/the-frame-submenu-nav.b8e53dc7.js","js","200","assets/js/the-frame-submenu-nav.b8e53dc7.js","1128","done",""
"https://kprverse.com/_nuxt/scroll-to.d2d54dc2.js","js","200","assets/js/scroll-to.d2d54dc2.js","315","done",""
"https://kprverse.com/_nuxt/index.6c8f1534.js","js","200","assets/js/index.6c8f1534.js","10536","done",""
"https://kprverse.com/_nuxt/dom-component.59802661.js","js","200","assets/js/dom-component.59802661.js","9199","done",""
"https://kprverse.com/_nuxt/index-default.25f36e61.js","js","200","assets/js/index-default.25f36e61.js","20176","done",""
"https://kprverse.com/_nuxt/store.4d67c1b5.js","js","200","assets/js/store.4d67c1b5.js","1449","done",""
"https://kprverse.com/_nuxt/gozer-env.ed057cb2.js","js","200","assets/js/gozer-env.ed057cb2.js","3513","done",""
"https://kprverse.com/_nuxt/index.0678059b.js","js","200","assets/js/index.0678059b.js","5610","done",""
"https://kprverse.com/_nuxt/create-canvas.f1f3dfa0.js","js","200","assets/js/create-canvas.f1f3dfa0.js","321","done",""
"https://kprverse.com/_nuxt/resize-observer.8438de8e.js","js","200","assets/js/resize-observer.8438de8e.js","691","done",""
"https://kprverse.com/_nuxt/lerp.a6fc2763.js","js","200","assets/js/lerp.a6fc2763.js","51","done",""
"https://kprverse.com/_nuxt/BreadCrumbUtils.73ae4eb3.js","js","200","assets/js/BreadCrumbUtils.73ae4eb3.js","134","done",""
"https://kprverse.com/_nuxt/the-frame-submenu-citizen.3a34b23b.js","js","200","assets/js/the-frame-submenu-citizen.3a34b23b.js","2992","done",""
"https://kprverse.com/_nuxt/copy-to-clipboard.3f351d94.js","js","200","assets/js/copy-to-clipboard.3f351d94.js","1269","done",""
"https://kprverse.com/_nuxt/citizen-store.faff01c1.js","js","200","assets/js/citizen-store.faff01c1.js","9960","done",""
"https://kprverse.com/_nuxt/gallery-store.6cbbf6a4.js","js","200","assets/js/gallery-store.6cbbf6a4.js","4016","done",""
"https://kprverse.com/_nuxt/index.5d461913.js","js","200","assets/js/index.5d461913.js","470","done",""
"https://kprverse.com/_nuxt/Share.bfa2527b.js","js","200","assets/js/Share.bfa2527b.js","872","done",""
"https://kprverse.com/_nuxt/constants.a4ba8ea6.js","js","200","assets/js/constants.a4ba8ea6.js","320","done",""
"https://kprverse.com/_nuxt/icon-mark.44e642c9.js","js","200","assets/js/icon-mark.44e642c9.js","1561","done",""
"https://kprverse.com/_nuxt/btn-audio.19359f99.js","js","200","assets/js/btn-audio.19359f99.js","1084","done",""
"https://kprverse.com/_nuxt/btn-console.5fb6a0e8.js","js","200","assets/js/btn-console.5fb6a0e8.js","438","done",""
"https://kprverse.com/_nuxt/console.71873c7f.js","js","200","assets/js/console.71873c7f.js","272","done",""
"https://kprverse.com/_nuxt/the-frame.145be4cb.js","js","200","assets/js/the-frame.145be4cb.js","4436","done",""
"https://kprverse.com/_nuxt/the-smooth-scroll.6f06ac0c.js","js","200","assets/js/the-smooth-scroll.6f06ac0c.js","931","done",""
"https://kprverse.com/_nuxt/the-nav-mobile.4ef06d13.js","js","200","assets/js/the-nav-mobile.4ef06d13.js","1133","done",""
"https://kprverse.com/_nuxt/logo-kpr.f0c4cc03.js","js","200","assets/js/logo-kpr.f0c4cc03.js","1803","done",""
"https://kprverse.com/_nuxt/the-subnav-mobile.72dfc970.js","js","200","assets/js/the-subnav-mobile.72dfc970.js","2363","done",""
"https://kprverse.com/_nuxt/the-popup-gallery.3bc7523e.js","js","200","assets/js/the-popup-gallery.3bc7523e.js","1685","done",""
"https://kprverse.com/_nuxt/btn-main.597535a4.js","js","200","assets/js/btn-main.597535a4.js","3338","done",""
"https://kprverse.com/_nuxt/button-base.412bbc82.js","js","200","assets/js/button-base.412bbc82.js","266","done",""
"https://kprverse.com/_nuxt/the-popup.3c8f34be.js","js","200","assets/js/the-popup.3c8f34be.js","2099","done",""
"https://kprverse.com/_nuxt/corner-cut-svg.e4dfd2e0.js","js","200","assets/js/corner-cut-svg.e4dfd2e0.js","789","done",""
"https://kprverse.com/_nuxt/svg-points.88510cb1.js","js","200","assets/js/svg-points.88510cb1.js","6038","done",""
"https://kprverse.com/_nuxt/svg-points.vue.fcd61efe.js","js","200","assets/js/svg-points.vue.fcd61efe.js","1397","done",""
"https://kprverse.com/_nuxt/svg-points.1d380baa.css","css","200","assets/css/svg-points.1d380baa.css","534","done",""
"https://kprverse.com/_nuxt/get-corner-cut-points.ec30f92c.js","js","200","assets/js/get-corner-cut-points.ec30f92c.js","370","done",""
"https://kprverse.com/_nuxt/video-overlay.dd3c3318.js","js","200","assets/js/video-overlay.dd3c3318.js","4527","done",""
"https://kprverse.com/_nuxt/useTouch.4206fcfc.js","js","200","assets/js/useTouch.4206fcfc.js","3284","done",""
"https://kprverse.com/_nuxt/pause.136f3943.js","js","200","assets/js/pause.136f3943.js","541","done",""
"https://kprverse.com/_nuxt/transition-wipe.95a52aec.js","js","200","assets/js/transition-wipe.95a52aec.js","2503","done",""
"https://kprverse.com/_nuxt/loading-inner-page.484d2244.js","js","200","assets/js/loading-inner-page.484d2244.js","621","done",""
"https://kprverse.com/_nuxt/preloader.56cd92f8.js","js","200","assets/js/preloader.56cd92f8.js","4243","done",""
"https://kprverse.com/_nuxt/the-menu.d840ed48.js","js","200","assets/js/the-menu.d840ed48.js","8073","done",""
"https://kprverse.com/_nuxt/menu-nav-item.776d5ca0.js","js","200","assets/js/menu-nav-item.776d5ca0.js","2149","done",""
"https://kprverse.com/_nuxt/Storyblok.9cdc9e39.js","js","200","assets/js/Storyblok.9cdc9e39.js","605","done",""
"https://kprverse.com/_nuxt/btn-opensea.b33d892d.js","js","200","assets/js/btn-opensea.b33d892d.js","693","done",""
"https://kprverse.com/_nuxt/opensea.2af9f1e6.js","js","200","assets/js/opensea.2af9f1e6.js","2115","done",""
"https://kprverse.com/_nuxt/language-select.544167ab.js","js","200","assets/js/language-select.544167ab.js","2359","done",""
"https://kprverse.com/_nuxt/live-counter.c24e0c86.js","js","200","assets/js/live-counter.c24e0c86.js","714","done",""
"https://kprverse.com/_nuxt/useStory.bb41d42b.js","js","200","assets/js/useStory.bb41d42b.js","434","done",""
"https://kprverse.com/_nuxt/wallet-errors.7618328c.js","js","200","assets/js/wallet-errors.7618328c.js","1895","done",""
"https://kprverse.com/_nuxt/mint-popup-error.7cbeb288.js","js","200","assets/js/mint-popup-error.7cbeb288.js","1384","done",""
"https://kprverse.com/_nuxt/mint-popup-error.60605844.css","css","200","assets/css/mint-popup-error.60605844.css","7494","done",""
"https://kprverse.com/_nuxt/the-console.705b3b85.js","js","200","assets/js/the-console.705b3b85.js","5539","done",""
"https://kprverse.com/_nuxt/the-console-loading.d174f5db.js","js","200","assets/js/the-console-loading.d174f5db.js","1939","done",""
"https://kprverse.com/_nuxt/console-window.bda3743a.js","js","200","assets/js/console-window.bda3743a.js","5432","done",""
"https://kprverse.com/_nuxt/render-rich-text.fb0685d5.js","js","200","assets/js/render-rich-text.fb0685d5.js","2495","done",""
"https://kprverse.com/_nuxt/console-bg.f92bbeef.js","js","200","assets/js/console-bg.f92bbeef.js","520","done",""
"https://kprverse.com/_nuxt/widescreen-warning.9d962197.js","js","200","assets/js/widescreen-warning.9d962197.js","2863","done",""
"https://kprverse.com/_nuxt/landscape-warning.3c9c2071.js","js","200","assets/js/landscape-warning.3c9c2071.js","1427","done",""
"https://kprverse.com/_nuxt/ohno.2314f4f6.js","js","200","assets/js/ohno.2314f4f6.js","112","done",""
"https://kprverse.com/_nuxt/version.16773388.js","js","200","assets/js/version.16773388.js","322","done",""
"https://kprverse.com/_nuxt/_...slug_.dfce8970.js","js","200","assets/js/_...slug_.dfce8970.js","1089","done",""
"https://kprverse.com/_nuxt/useHeadKPR.0276c081.js","js","200","assets/js/useHeadKPR.0276c081.js","1315","done",""
"https://kprverse.com/_nuxt/content-home.305ef7d0.js","js","200","assets/js/content-home.305ef7d0.js","1999","done",""
"https://kprverse.com/_nuxt/the-footer.7f58db35.js","js","200","assets/js/the-footer.7f58db35.js","5395","done",""
"https://kprverse.com/_nuxt/footer-link.3361c55b.js","js","200","assets/js/footer-link.3361c55b.js","1414","done",""
"https://kprverse.com/_nuxt/external.91110ece.js","js","200","assets/js/external.91110ece.js","424","done",""
"https://kprverse.com/_nuxt/icon-download.4d00c0f5.js","js","200","assets/js/icon-download.4d00c0f5.js","312","done",""
"https://kprverse.com/_nuxt/download.d35b4dcc.js","js","200","assets/js/download.d35b4dcc.js","413","done",""
"https://kprverse.com/_nuxt/btn-region.f95a7e01.js","js","200","assets/js/btn-region.f95a7e01.js","488","done",""
"https://kprverse.com/_nuxt/btn-round.452c9fe5.css","css","200","assets/css/btn-round.452c9fe5.css","686","done",""
"https://kprverse.com/_nuxt/btn-round.91e968f1.js","js","200","assets/js/btn-round.91e968f1.js","1181","done",""
"https://kprverse.com/_nuxt/achievement.fdddadf2.js","js","200","assets/js/achievement.fdddadf2.js","7703","done",""
"https://kprverse.com/_nuxt/three-object.b70b8d57.js","js","200","assets/js/three-object.b70b8d57.js","969","done",""
"https://kprverse.com/_nuxt/three.module.c9112413.js","js","200","assets/js/three.module.c9112413.js","486129","done",""
"https://kprverse.com/_nuxt/utils.b64851fc.js","js","200","assets/js/utils.b64851fc.js","1758","done",""
"https://kprverse.com/_nuxt/dom-element.35f09cfb.js","js","200","assets/js/dom-element.35f09cfb.js","1078","done",""
"https://kprverse.com/_nuxt/map.54c0894c.js","js","200","assets/js/map.54c0894c.js","18212","done",""
"https://kprverse.com/_nuxt/rotate.292a5b70.js","js","200","assets/js/rotate.292a5b70.js","3948","done",""
"https://kprverse.com/_nuxt/simple-three.1b842056.js","js","200","assets/js/simple-three.1b842056.js","763","done",""
"https://kprverse.com/_nuxt/index.d22011ff.js","js","200","assets/js/index.d22011ff.js","12234","done",""
"https://kprverse.com/_nuxt/drawing.d211013c.js","js","200","assets/js/drawing.d211013c.js","2072","done",""
"https://kprverse.com/_nuxt/tweakpane.07e91d40.js","js","200","assets/js/tweakpane.07e91d40.js","229277","done",""
"https://kprverse.com/_nuxt/circle.29cefe4c.js","js","200","assets/js/circle.29cefe4c.js","973","done",""
"https://kprverse.com/_nuxt/sector.7f935615.js","js","200","assets/js/sector.7f935615.js","4012","done",""
"https://kprverse.com/_nuxt/in-range.d69fbb78.js","js","200","assets/js/in-range.d69fbb78.js","111","done",""
"https://kprverse.com/_nuxt/layout-mint.73c2c7fb.js","js","200","assets/js/layout-mint.73c2c7fb.js","2168","done",""
"https://kprverse.com/_nuxt/layout-sandbox.e05ccfb6.js","js","200","assets/js/layout-sandbox.e05ccfb6.js","292","done",""
"https://kprverse.com/_nuxt/stats.min.40ed55e2.js","js","200","assets/js/stats.min.40ed55e2.js","2239","done",""
"https://kprverse.com/_nuxt/error-component.f597ec05.js","js","200","assets/js/error-component.f597ec05.js","1170","done",""
"https://kprverse.com/_nuxt/disconnect.dbea693a.svg","svg","200","assets/images/disconnect.dbea693a.svg","677","done",""
"https://kprverse.com/_nuxt/metamask.f6cef8ad.svg","svg","200","assets/images/metamask.f6cef8ad.svg","6041","done",""
"https://kprverse.com/_nuxt/wallet-connect.8f65a07f.svg","svg","200","assets/images/wallet-connect.8f65a07f.svg","1148","done",""
"https://kprverse.com/_nuxt/gallery-popup.8f46d23e.png","image","200","assets/images/gallery-popup.8f46d23e.png","97058","done",""
"https://kprverse.com/_nuxt/audio-on.7c7aaf3e.svg","svg","200","assets/images/audio-on.7c7aaf3e.svg","1237","done",""
"https://kprverse.com/_nuxt/audio-off.cce427cc.svg","svg","200","assets/images/audio-off.cce427cc.svg","572","done",""
"https://kprverse.com/_nuxt/fullscreen.342f5cf0.svg","svg","200","assets/images/fullscreen.342f5cf0.svg","463","done",""
"https://kprverse.com/_nuxt/loading-ring-white.ee7d8a24.svg","svg","200","assets/images/loading-ring-white.ee7d8a24.svg","1260","done",""
"https://kprverse.com/_nuxt/loading-triangles.8c5d75b0.svg","svg","200","assets/images/loading-triangles.8c5d75b0.svg","290","done",""
"https://kprverse.com/_nuxt/loading-audio-cta-ring.ac9090b0.svg","svg","200","assets/images/loading-audio-cta-ring.ac9090b0.svg","617","done",""
"https://kprverse.com/_nuxt/loading-audio-cta-ring-m.9405220e.svg","svg","200","assets/images/loading-audio-cta-ring-m.9405220e.svg","949","done",""
"https://kprverse.com/_nuxt/icon.6fcb44b2.svg","svg","200","assets/images/icon.6fcb44b2.svg","671","done",""
"https://kprverse.com/_nuxt/reconnect.29337c2a.svg","svg","200","assets/images/reconnect.29337c2a.svg","1056","done",""
"https://kprverse.com/_nuxt/loading-barcode.643a8800.svg","svg","200","assets/images/loading-barcode.643a8800.svg","10912","done",""
"https://kprverse.com/_nuxt/mainnet.50f65c55.svg","svg","200","assets/images/mainnet.50f65c55.svg","546","done",""
"https://kprverse.com/_nuxt/resize.d8df7245.svg","svg","200","assets/images/resize.d8df7245.svg","4828","done",""
"https://kprverse.com/_nuxt/rotate.e88034b4.svg","svg","200","assets/images/rotate.e88034b4.svg","1078","done",""
"https://kprverse.com/_nuxt/ohno.5849cafc.svg","svg","200","assets/images/ohno.5849cafc.svg","2617","done",""
"https://kprverse.com/_nuxt/footer_kpr.034b6b12.svg","svg","200","assets/images/footer_kpr.034b6b12.svg","3436","done",""
"https://kprverse.com/_nuxt/Home.3f2d3f45.css","css","200","assets/css/Home.3f2d3f45.css","53144","done",""
"https://kprverse.com/_nuxt/custom-material.3e023a0d.css","css","200","assets/css/custom-material.3e023a0d.css","7958","done",""
"https://kprverse.com/_nuxt/Home.17c0ce45.js","js","200","assets/js/Home.17c0ce45.js","222413","done",""
"https://kprverse.com/_nuxt/loader-globals.d8a67046.js","js","200","assets/js/loader-globals.d8a67046.js","100666","done",""
"https://kprverse.com/_nuxt/globals.b114dd32.js","js","200","assets/js/globals.b114dd32.js","349","done",""
"https://kprverse.com/_nuxt/LoaderMixin.13fbd445.js","js","200","assets/js/LoaderMixin.13fbd445.js","3480","done",""
"https://kprverse.com/_nuxt/custom-material.e347eaa2.js","js","200","assets/js/custom-material.e347eaa2.js","54989","done",""
"https://kprverse.com/_nuxt/MathUtils.08fed4e9.js","js","200","assets/js/MathUtils.08fed4e9.js","2309","done",""
"https://kprverse.com/_nuxt/load-font.bdf13add.js","js","200","assets/js/load-font.bdf13add.js","4515","done",""
"https://kprverse.com/_nuxt/number-pad.7e255fcb.js","js","200","assets/js/number-pad.7e255fcb.js","87","done",""
"https://kprverse.com/_nuxt/random-int.6625ac30.js","js","200","assets/js/random-int.6625ac30.js","70","done",""
"https://kprverse.com/_nuxt/modulo.a5a4be50.js","js","200","assets/js/modulo.a5a4be50.js","48","done",""
"https://kprverse.com/_nuxt/camera.6f96a0e7.js","js","200","assets/js/camera.6f96a0e7.js","1823","done",""
"https://kprverse.com/_nuxt/footer_kpr.034b6b12.svg?inline=","svg","200","assets/images/footer_kpr.034b6b12-2.svg","3436","done",""
"https://kprverse.com/_nuxt/loading-triangles.8c5d75b0.svg?inline=","svg","200","assets/images/loading-triangles.8c5d75b0-2.svg","290","done",""
"https://kprverse.com/_nuxt/loading-audio-cta-ring.ac9090b0.svg?inline=","svg","200","assets/images/loading-audio-cta-ring.ac9090b0-2.svg","617","done",""
"https://kprverse.com/_nuxt/loading-audio-cta-ring-m.9405220e.svg?inline=","svg","200","assets/images/loading-audio-cta-ring-m.9405220e-2.svg","949","done",""
"https://kprverse.com/_nuxt/mainnet.50f65c55.svg?inline=","svg","200","assets/images/mainnet.50f65c55-2.svg","546","done",""
"https://kprverse.com/_nuxt/resize.d8df7245.svg?inline=","svg","200","assets/images/resize.d8df7245-2.svg","4828","done",""
"https://kprverse.com/_nuxt/rotate.e88034b4.svg?inline=","svg","200","assets/images/rotate.e88034b4-2.svg","1078","done",""
"https://kprverse.com/_nuxt/ohno.5849cafc.svg?inline=","svg","200","assets/images/ohno.5849cafc-2.svg","2617","done",""
"https://kprverse.com/_nuxt/content-media.e1c6c171.js","js","200","assets/js/content-media.e1c6c171.js","2117","done",""
"https://kprverse.com/_nuxt/media-items.vue.0f3b7c28.js","js","200","assets/js/media-items.vue.0f3b7c28.js","5034","done",""
"https://kprverse.com/_nuxt/media-items.0b43f6e0.css","css","200","assets/css/media-items.0b43f6e0.css","3038","done",""
"https://kprverse.com/_nuxt/scroll-scale.d868e93a.js","js","200","assets/js/scroll-scale.d868e93a.js","1010","done",""
"https://kprverse.com/_nuxt/touching-line.a6748818.js","js","200","assets/js/touching-line.a6748818.js","852","done",""
"https://kprverse.com/_nuxt/random-offset.adac25f3.js","js","200","assets/js/random-offset.adac25f3.js","596","done",""
"https://kprverse.com/_nuxt/flicker-animation.vue.85ccd926.js","js","200","assets/js/flicker-animation.vue.85ccd926.js","981","done",""
"https://kprverse.com/_nuxt/console-text.527a4c9a.js","js","200","assets/js/console-text.527a4c9a.js","1708","done",""
"https://kprverse.com/_nuxt/image-gallery.d8f3bdd9.js","js","200","assets/js/image-gallery.d8f3bdd9.js","7166","done",""
"https://kprverse.com/_nuxt/media-intrinsic-size.8214ed6b.js","js","200","assets/js/media-intrinsic-size.8214ed6b.js","1813","done",""
"https://kprverse.com/_nuxt/intrinsic-scale.es-modules.1631ed54.js","js","200","assets/js/intrinsic-scale.es-modules.1631ed54.js","206","done",""
"https://kprverse.com/_nuxt/icon-prev.f8b630ad.js","js","200","assets/js/icon-prev.f8b630ad.js","290","done",""
"https://kprverse.com/_nuxt/next.fe5cba3d.js","js","200","assets/js/next.fe5cba3d.js","339","done",""
"https://kprverse.com/_nuxt/icon-next.e745370a.js","js","200","assets/js/icon-next.e745370a.js","290","done",""
"https://kprverse.com/_nuxt/useAnimateIn.f124059c.js","js","200","assets/js/useAnimateIn.f124059c.js","155","done",""
"https://kprverse.com/_nuxt/dayjs.min.8e077737.js","js","200","assets/js/dayjs.min.8e077737.js","6583","done",""
"https://kprverse.com/_nuxt/useComponentLoad.5ce0ce72.js","js","200","assets/js/useComponentLoad.5ce0ce72.js","254","done",""
"https://kprverse.com/_nuxt/layer-under.72ac6ede.js","js","200","assets/js/layer-under.72ac6ede.js","1046","done",""
"https://kprverse.com/_nuxt/media-items.e36c11e8.js","js","200","assets/js/media-items.e36c11e8.js","1035","done",""
"https://kprverse.com/_nuxt/flicker-animation.7151a27e.js","js","200","assets/js/flicker-animation.7151a27e.js","174","done",""
"https://kprverse.com/_nuxt/media-image.7f1cdd03.js","js","200","assets/js/media-image.7f1cdd03.js","1943","done",""
"https://kprverse.com/_nuxt/media.a807ea21.js","js","200","assets/js/media.a807ea21.js","2666","done",""
"https://kprverse.com/_nuxt/media-video.ec8495a5.js","js","200","assets/js/media-video.ec8495a5.js","3378","done",""
"https://kprverse.com/_nuxt/btn-play.c0a5cc53.js","js","200","assets/js/btn-play.c0a5cc53.js","1329","done",""
"https://kprverse.com/_nuxt/circle.34f2524b.js","js","200","assets/js/circle.34f2524b.js","318","done",""
"https://kprverse.com/_nuxt/useIntersecting.9601a8ce.js","js","200","assets/js/useIntersecting.9601a8ce.js","586","done",""
"https://kprverse.com/_nuxt/Video.9ad8bfd5.js","js","200","assets/js/Video.9ad8bfd5.js","323","done",""
"https://kprverse.com/_nuxt/media-audio.91d5c4eb.js","js","200","assets/js/media-audio.91d5c4eb.js","1235","done",""
"https://kprverse.com/_nuxt/audio-player.f4978794.js","js","200","assets/js/audio-player.f4978794.js","3585","done",""
"https://kprverse.com/_nuxt/audio-bar-wave.cca4730f.js","js","200","assets/js/audio-bar-wave.cca4730f.js","1082","done",""
"https://kprverse.com/_nuxt/triangle.d8f10579.svg","svg","200","assets/images/triangle.d8f10579.svg","311","done",""
"https://kprverse.com/_nuxt/details.08197139.svg","svg","200","assets/images/details.08197139.svg","852","done",""
"https://kprverse.com/_nuxt/knowledge.29d4c77f.svg","svg","200","assets/images/knowledge.29d4c77f.svg","463","done",""
"https://a.storyblok.com/f/165555/x/13f237f8b9/kpr-trailer.mp4","video","200","","9781131","failed","Skipped: exceeds size limit"
"https://a.storyblok.com/f/165555/5368x3530/6a0def518b/keeps.jpg","image","200","assets/images/keeps.jpg","2108955","done",""
"https://a.storyblok.com/f/165555/x/106e569b47/kpr-ramen-wars.mp4","video","200","","10130362","failed","Skipped: exceeds size limit"
"https://a.storyblok.com/f/165555/1921x1081/0e1be51541/esther.jpg","image","200","assets/images/esther.jpg","287093","done",""
"https://a.storyblok.com/f/165555/x/6e04521593/neon-event-nyc.mp4","video","200","","10447447","failed","Skipped: exceeds size limit"
"https://a.storyblok.com/f/165555/x/9fd67e8f7a/esther-kpr.mp4","video","200","assets/media/esther-kpr.mp4","4207138","done",""
"https://a.storyblok.com/f/165555/x/748aded906/new-eden-citizen.wav","audio","200","","41351658","failed","Skipped: exceeds size limit"
"https://a.storyblok.com/f/165555/x/86afaffae8/kpr-registration.wav","audio","200","","40535218","failed","Skipped: exceeds size limit"
"https://a.storyblok.com/f/165555/x/b4c80af830/introx_song.mp3","audio","200","assets/media/introx_song.mp3","1766027","done",""
"https://a.storyblok.com/f/165555/x/7332d9b05c/keeper-symbol.mp4","video","200","assets/media/keeper-symbol.mp4","532629","done",""
"https://a.storyblok.com/f/165555/x/c1e8ba0f0d/kpco-logo.mp4","video","200","assets/media/kpco-logo.mp4","474379","done",""
"https://a.storyblok.com/f/165555/x/9b9b80ea67/keep-x-ray.mp4","video","200","assets/media/keep-x-ray.mp4","1151663","done",""
"https://a.storyblok.com/f/165555/x/c7bada36f3/keep-schematics-002.mp4","video","200","assets/media/keep-schematics-002.mp4","529216","done",""
"https://a.storyblok.com/f/165555/x/1052099c89/tbl1_song.mp3","audio","200","assets/media/tbl1_song.mp3","980816","done",""
"https://a.storyblok.com/f/165555/x/daa0caf791/keep-radiation.mp4","video","200","assets/media/keep-radiation.mp4","877897","done",""
"https://a.storyblok.com/f/165555/x/cf6e33c6b2/atmospheric-balance-measuring-tool.mp4","video","200","assets/media/atmospheric-balance-measuring-tool.mp4","366775","done",""
"https://a.storyblok.com/f/165555/x/309c939387/topology-radio-signal-kpco-material.mp4","video","200","assets/media/topology-radio-signal-kpco-material.mp4","4017265","done",""
"https://a.storyblok.com/f/165555/x/e98bd24792/topology-keep-surroundings-kpco-material.mp4","video","200","assets/media/topology-keep-surroundings-kpco-material.mp4","1757100","done",""
"https://a.storyblok.com/f/165555/x/648d73efc5/keep-schematics-003.mp4","video","200","assets/media/keep-schematics-003.mp4","4182533","done",""
"https://a.storyblok.com/f/165555/x/e238563574/tbl2_song.mp3","audio","200","assets/media/tbl2_song.mp3","1588385","done",""
"https://a.storyblok.com/f/165555/x/e81a7f0d27/animus-logo.mp4","video","200","assets/media/animus-logo.mp4","1275809","done",""
"https://a.storyblok.com/f/165555/x/1068013398/character-trailer.mp4","video","200","assets/media/character-trailer.mp4","1608516","done",""
"https://a.storyblok.com/f/165555/x/a244af13ae/refined-kai.mp4","video","200","assets/media/refined-kai.mp4","1147746","done",""
"https://a.storyblok.com/f/165555/x/b0c9ae1230/blood-star-bow.mp4","video","200","assets/media/blood-star-bow.mp4","776362","done",""
"https://a.storyblok.com/f/165555/x/2b534207d8/herbal-component-045.mp4","video","200","assets/media/herbal-component-045.mp4","2078808","done",""
"https://a.storyblok.com/f/165555/x/a4470172bc/emerald-forest-bow.mp4","video","200","assets/media/emerald-forest-bow.mp4","552177","done",""
"https://a.storyblok.com/f/165555/x/328837761e/energy-stone-animus.mp4","video","200","assets/media/energy-stone-animus.mp4","1248166","done",""
"https://a.storyblok.com/f/165555/x/33a56af7d7/ritualistic-element-animus.mp4","video","200","assets/media/ritualistic-element-animus.mp4","1885309","done",""
"https://a.storyblok.com/f/165555/x/f690f9ea69/prisma-logo.mp4","video","200","assets/media/prisma-logo.mp4","1283786","done",""
"https://a.storyblok.com/f/165555/x/7139b522c0/character-x-ray.mp4","video","200","assets/media/character-x-ray.mp4","1131022","done",""
"https://a.storyblok.com/f/165555/x/2e7120b732/titanium-sword.mp4","video","200","assets/media/titanium-sword.mp4","149963","done",""
"https://a.storyblok.com/f/165555/x/2cfce30138/armor-x-ray.mp4","video","200","assets/media/armor-x-ray.mp4","982971","done",""
"https://a.storyblok.com/f/165555/x/5b556acd86/ritualistic-blackstone-animus.mp4","video","200","assets/media/ritualistic-blackstone-animus.mp4","1442779","done",""
"https://a.storyblok.com/f/165555/x/e8d550f307/titanium-white-sword.mp4","video","200","assets/media/titanium-white-sword.mp4","217445","done",""
"https://a.storyblok.com/f/165555/x/4978848b1a/titanium-bow.mp4","video","200","assets/media/titanium-bow.mp4","326116","done",""
"https://a.storyblok.com/f/165555/x/cab8e8b7fb/tbl3_song.mp3","audio","200","assets/media/tbl3_song.mp3","1807310","done",""
"https://a.storyblok.com/f/165555/x/56538a2314/boon-logo.mp4","video","200","assets/media/boon-logo.mp4","1512028","done",""
"https://a.storyblok.com/f/165555/x/8c77d1fd82/boon-ramen-box-003.mp4","video","200","assets/media/boon-ramen-box-003.mp4","2009144","done",""
"https://a.storyblok.com/f/165555/x/7331dd42e5/neon-logo.mp4","video","200","assets/media/neon-logo.mp4","753529","done",""
"https://a.storyblok.com/f/165555/x/44726edbe7/klmx-radio-logo.mp4","video","200","assets/media/klmx-radio-logo.mp4","1461634","done",""
"https://a.storyblok.com/f/165555/x/c2062a29ef/klmx-radio-antenna.mp4","video","200","assets/media/klmx-radio-antenna.mp4","598408","done",""
"https://a.storyblok.com/f/165555/x/cfa4bd03f9/soundwaves-003.mp4","video","200","assets/media/soundwaves-003.mp4","1443706","done",""
"https://kprverse.com/_nuxt/gallery.cc70a856.js","js","200","assets/js/gallery.cc70a856.js","1909","done",""
"https://kprverse.com/_nuxt/the-gallery.a103e099.js","js","200","assets/js/the-gallery.a103e099.js","2860","done",""
"https://kprverse.com/_nuxt/the-gallery-filter.e1cbc5b9.js","js","200","assets/js/the-gallery-filter.e1cbc5b9.js","2611","done",""
"https://kprverse.com/_nuxt/the-gallery-filter-search.256112b5.js","js","200","assets/js/the-gallery-filter-search.256112b5.js","1489","done",""
"https://kprverse.com/_nuxt/shape-rounded-outline.d93c4b66.js","js","200","assets/js/shape-rounded-outline.d93c4b66.js","1454","done",""
"https://kprverse.com/_nuxt/the-gallery-filter-trait.ac109c33.js","js","200","assets/js/the-gallery-filter-trait.ac109c33.js","2032","done",""
"https://kprverse.com/_nuxt/the-gallery-filter-trait-value.a9f5baa1.js","js","200","assets/js/the-gallery-filter-trait-value.a9f5baa1.js","718","done",""
"https://kprverse.com/_nuxt/checkbox.8e461a2e.js","js","200","assets/js/checkbox.8e461a2e.js","428","done",""
"https://kprverse.com/_nuxt/the-gallery-filter-submit.2410d91f.js","js","200","assets/js/the-gallery-filter-submit.2410d91f.js","519","done",""
"https://kprverse.com/_nuxt/the-gallery-grid.0f0b32d0.js","js","200","assets/js/the-gallery-grid.0f0b32d0.js","4421","done",""
"https://kprverse.com/_nuxt/the-gallery-filter-remove.1f6e2b0b.js","js","200","assets/js/the-gallery-filter-remove.1f6e2b0b.js","655","done",""
"https://kprverse.com/_nuxt/the-gallery-filter-tag.17e6efc3.js","js","200","assets/js/the-gallery-filter-tag.17e6efc3.js","937","done",""
"https://kprverse.com/_nuxt/the-gallery-not-found.18fb0c62.js","js","200","assets/js/the-gallery-not-found.18fb0c62.js","1356","done",""
"https://kprverse.com/_nuxt/the-gallery-grid-item.180a3ff3.js","js","200","assets/js/the-gallery-grid-item.180a3ff3.js","1929","done",""
"https://kprverse.com/_nuxt/tick.427d4bf7.js","js","200","assets/js/tick.427d4bf7.js","78","done",""
"https://kprverse.com/_nuxt/the-gallery-detail-overlay.40daef10.js","js","200","assets/js/the-gallery-detail-overlay.40daef10.js","4925","done",""
"https://kprverse.com/_nuxt/button-view-on-opensea.cecad181.js","js","200","assets/js/button-view-on-opensea.cecad181.js","603","done",""
"https://kprverse.com/_nuxt/button-view-on-opensea.684e9f5b.css","css","200","assets/css/button-view-on-opensea.684e9f5b.css","5762","done",""
"https://kprverse.com/_nuxt/ABCWhyteInktrapVariable.7999c8d9.woff2","font","200","assets/fonts/ABCWhyteInktrapVariable.7999c8d9.woff2","201232","done",""
"https://kprverse.com/_nuxt/ABCWhyteInktrapVariable.e74bb15c.woff","font","200","assets/fonts/ABCWhyteInktrapVariable.e74bb15c.woff","258664","done",""
"https://kprverse.com/_nuxt/ABCWhyteInktrapVariable.d1d13179.ttf","font","200","assets/fonts/ABCWhyteInktrapVariable.d1d13179.ttf","567564","done",""
"https://kprverse.com/_nuxt/ABCWhytePlusVariable.703e8fca.woff2","font","200","assets/fonts/ABCWhytePlusVariable.703e8fca.woff2","250032","done",""
"https://kprverse.com/_nuxt/ABCWhytePlusVariable.97bfd2fd.woff","font","200","assets/fonts/ABCWhytePlusVariable.97bfd2fd.woff","326644","done",""
"https://kprverse.com/_nuxt/ABCWhytePlusVariable.a4374f0d.ttf","font","200","assets/fonts/ABCWhytePlusVariable.a4374f0d.ttf","799004","done",""
"https://kprverse.com/_nuxt/ABCWhyteVariable.8506f1e8.woff2","font","200","assets/fonts/ABCWhyteVariable.8506f1e8.woff2","191416","done",""
"https://kprverse.com/_nuxt/ABCWhyteVariable.db468688.woff","font","200","assets/fonts/ABCWhyteVariable.db468688.woff","245552","done",""
"https://kprverse.com/_nuxt/ABCWhyteVariable.03b6c8a0.ttf","font","200","assets/fonts/ABCWhyteVariable.03b6c8a0.ttf","545096","done",""
"https://kprverse.com/_nuxt/HexaframeCF-Bold.6373d9c0.otf","font","200","assets/fonts/HexaframeCF-Bold.6373d9c0.otf","39239","done",""
"https://kprverse.com/_nuxt/IBMPlexMono-Regular.0b129200.ttf","font","200","assets/fonts/IBMPlexMono-Regular.0b129200.ttf","112140","done",""
"https://kprverse.com/_nuxt/IBMPlexMono-Text.714436a8.ttf","font","200","assets/fonts/IBMPlexMono-Text.714436a8.ttf","112080","done",""
"https://kprverse.com/_nuxt/IBMPlexMono-Medium.50f39f34.ttf","font","200","assets/fonts/IBMPlexMono-Medium.50f39f34.ttf","113392","done",""
"https://kprverse.com/_nuxt/IBMPlexMono-Bold.d0db2b99.ttf","font","200","assets/fonts/IBMPlexMono-Bold.d0db2b99.ttf","114392","done",""
"https://kprverse.com/_nuxt/PPFraktionSans-Bold.9b28b898.ttf","font","200","assets/fonts/PPFraktionSans-Bold.9b28b898.ttf","87160","done",""
"https://kprverse.com/_nuxt/PPFraktionSans-Medium.9956017d.ttf","font","200","assets/fonts/PPFraktionSans-Medium.9956017d.ttf","86524","done",""
"https://kprverse.com/_nuxt/content-page.94a323e6.js","js","200","assets/js/content-page.94a323e6.js","1929","done",""
"https://kprverse.com/_nuxt/render-bloks.11fec2e4.js","js","200","assets/js/render-bloks.11fec2e4.js","1203","done",""
"https://kprverse.com/_nuxt/layer-over.ec30c588.js","js","200","assets/js/layer-over.ec30c588.js","940","done",""
"https://kprverse.com/_nuxt/global-reference.36147587.js","js","200","assets/js/global-reference.36147587.js","799","done",""
"https://kprverse.com/_nuxt/journal-listing-hero.27d83cde.js","js","200","assets/js/journal-listing-hero.27d83cde.js","3026","done",""
"https://kprverse.com/_nuxt/featured-articles.982b2f62.js","js","200","assets/js/featured-articles.982b2f62.js","6406","done",""
"https://kprverse.com/_nuxt/parallax-image.2851627a.js","js","200","assets/js/parallax-image.2851627a.js","2450","done",""
"https://kprverse.com/_nuxt/fade-text.109d31c7.js","js","200","assets/js/fade-text.109d31c7.js","1021","done",""
"https://kprverse.com/_nuxt/link-arrow.ab389ca0.js","js","200","assets/js/link-arrow.ab389ca0.js","714","done",""
"https://kprverse.com/_nuxt/bottom-0.2f004c29.js","js","200","assets/js/bottom-0.2f004c29.js","186","done",""
"https://kprverse.com/_nuxt/journal-listing-items.bc3dd3b3.js","js","200","assets/js/journal-listing-items.bc3dd3b3.js","4611","done",""
"https://kprverse.com/_nuxt/journal-listing-item.7250200a.js","js","200","assets/js/journal-listing-item.7250200a.js","2672","done",""
"https://kprverse.com/_nuxt/to-be-continued.401968a5.js","js","200","assets/js/to-be-continued.401968a5.js","3103","done",""
"https://kprverse.com/_nuxt/indented-title.5bd2594a.js","js","200","assets/js/indented-title.5bd2594a.js","927","done",""
"https://kprverse.com/_nuxt/discord.46c7b655.js","js","200","assets/js/discord.46c7b655.js","115","done",""
"https://kprverse.com/_nuxt/twitter.d9b17ed7.js","js","200","assets/js/twitter.d9b17ed7.js","717","done",""
"https://kprverse.com/_nuxt/journal.1b1a9328.svg","svg","200","assets/images/journal.1b1a9328.svg","3955","done",""
"https://kprverse.com/_nuxt/top-1.4e974381.svg","svg","200","assets/images/top-1.4e974381.svg","156","done",""
"https://kprverse.com/_nuxt/bottom-0.e2e11989.svg","svg","200","assets/images/bottom-0.e2e11989.svg","186","done",""
"https://kprverse.com/_nuxt/discord.32ef3ec7.svg","svg","200","assets/images/discord.32ef3ec7.svg","2941","done",""
"https://kprverse.com/_nuxt/journal.1b1a9328.svg?inline=","svg","200","assets/images/journal.1b1a9328-2.svg","3955","done",""
"https://kprverse.com/_nuxt/top-1.4e974381.svg?inline=","svg","200","assets/images/top-1.4e974381-2.svg","156","done",""
"https://kprverse.com/_nuxt/bottom-0.e2e11989.svg?inline=","svg","200","assets/images/bottom-0.e2e11989-2.svg","186","done",""
"https://kprverse.com/_nuxt/discord.32ef3ec7.svg?inline=","svg","200","assets/images/discord.32ef3ec7-2.svg","2941","done",""
"https://kprverse.com/_nuxt/about-team.b6772383.js","js","200","assets/js/about-team.b6772383.js","2455","done",""
"https://kprverse.com/_nuxt/about-kpr.53b2db93.js","js","200","assets/js/about-kpr.53b2db93.js","6192","done",""
"https://kprverse.com/_nuxt/about-header.649e9ada.js","js","200","assets/js/about-header.649e9ada.js","6721","done",""
"https://kprverse.com/_nuxt/kpr-logo.c0197fa5.js","js","200","assets/js/kpr-logo.c0197fa5.js","116","done",""
"https://kprverse.com/_nuxt/about-team-spacer.a4bda57b.js","js","200","assets/js/about-team-spacer.a4bda57b.js","593","done",""
"https://kprverse.com/_nuxt/about-team-info.d9069a75.js","js","200","assets/js/about-team-info.d9069a75.js","1237","done",""
"https://kprverse.com/_nuxt/arrow-external.53a1a777.js","js","200","assets/js/arrow-external.53a1a777.js","414","done",""
"https://kprverse.com/_nuxt/about-team-member.a32b08f0.js","js","200","assets/js/about-team-member.a32b08f0.js","6024","done",""
"https://kprverse.com/_nuxt/heading.6136a3bd.svg","svg","200","assets/images/heading.6136a3bd.svg","3124","done",""
"https://kprverse.com/_nuxt/k.57c1349e.svg","svg","200","assets/images/k.57c1349e.svg","684","done",""
"https://kprverse.com/_nuxt/p.cb132707.svg","svg","200","assets/images/p.cb132707.svg","680","done",""
"https://kprverse.com/_nuxt/r.b68bd0a5.svg","svg","200","assets/images/r.b68bd0a5.svg","742","done",""
"https://kprverse.com/_nuxt/left-mask.2efbaa5b.svg","svg","200","assets/images/left-mask.2efbaa5b.svg","429","done",""
"https://kprverse.com/_nuxt/right-mask.5df05fe6.svg","svg","200","assets/images/right-mask.5df05fe6.svg","619","done",""
"https://kprverse.com/_nuxt/kpr-logo.b4e3b3eb.svg","svg","200","assets/images/kpr-logo.b4e3b3eb.svg","1907","done",""
"https://kprverse.com/_nuxt/twitter.2862a3ee.svg","svg","200","assets/images/twitter.2862a3ee.svg","1123","done",""
"https://kprverse.com/_nuxt/artstation.0a2bb312.svg","svg","200","assets/images/artstation.0a2bb312.svg","568","done",""
"https://kprverse.com/_nuxt/about-team-card-desktop.4dc70f6a.svg","svg","200","assets/images/about-team-card-desktop.4dc70f6a.svg","479","done",""
"https://kprverse.com/_nuxt/about-team-card-mobile.cfb1a6ac.svg","svg","200","assets/images/about-team-card-mobile.cfb1a6ac.svg","436","done",""
"https://kprverse.com/_nuxt/kpr-logo.b4e3b3eb.svg?inline=","svg","200","assets/images/kpr-logo.b4e3b3eb-2.svg","1907","done",""
"https://kprverse.com/_nuxt/left-mask.2efbaa5b.svg?inline=","svg","200","assets/images/left-mask.2efbaa5b-2.svg","429","done",""
"https://kprverse.com/_nuxt/right-mask.5df05fe6.svg?inline=","svg","200","assets/images/right-mask.5df05fe6-2.svg","619","done",""
"https://kprverse.com/_nuxt/heading.6136a3bd.svg?inline=","svg","200","assets/images/heading.6136a3bd-2.svg","3124","done",""
"https://kprverse.com/_nuxt/twitter.2862a3ee.svg?inline=","svg","200","assets/images/twitter.2862a3ee-2.svg","1123","done",""
"https://a.storyblok.com/f/165555/x/e23608259c/team-square.svg","svg","200","assets/images/team-square.svg","1506","done",""
"https://kprverse.com/_nuxt/artstation.0a2bb312.svg?inline=","svg","200","assets/images/artstation.0a2bb312-2.svg","568","done",""
"https://a.storyblok.com/f/165555/x/32b27d11fb/team-triangle.svg","svg","200","assets/images/team-triangle.svg","534","done",""
"https://kprverse.com/_nuxt/k.57c1349e.svg?inline=","svg","200","assets/images/k.57c1349e-2.svg","684","done",""
"https://kprverse.com/_nuxt/p.cb132707.svg?inline=","svg","200","assets/images/p.cb132707-2.svg","680","done",""
"https://kprverse.com/_nuxt/r.b68bd0a5.svg?inline=","svg","200","assets/images/r.b68bd0a5-2.svg","742","done",""
"https://kprverse.com/_nuxt/article-body.3b0ec589.js","js","200","assets/js/article-body.3b0ec589.js","574","done",""
"https://kprverse.com/_nuxt/legal-heading.68f34027.js","js","200","assets/js/legal-heading.68f34027.js","1207","done",""
"https://kprverse.com/_nuxt/legal-text.514b028d.js","js","200","assets/js/legal-text.514b028d.js","1358","done",""
"https://kprverse.com/_nuxt/content-protocol.28eed150.js","js","200","assets/js/content-protocol.28eed150.js","1941","done",""
"https://kprverse.com/_nuxt/Protocol.8090d243.css","css","200","assets/css/Protocol.8090d243.css","14749","done",""
"https://kprverse.com/_nuxt/Protocol.07e0e82c.js","js","200","assets/js/Protocol.07e0e82c.js","43667","done",""
"https://kprverse.com/_nuxt/article-heading.478b03b4.js","js","200","assets/js/article-heading.478b03b4.js","2882","done",""
"https://kprverse.com/_nuxt/article-hero.fa004b1f.js","js","200","assets/js/article-hero.fa004b1f.js","2260","done",""
"https://kprverse.com/_nuxt/article-text.9a97338f.js","js","200","assets/js/article-text.9a97338f.js","815","done",""
"https://kprverse.com/_nuxt/article-image.33e5ca73.js","js","200","assets/js/article-image.33e5ca73.js","2313","done",""
"https://kprverse.com/_nuxt/corner-br.d630b7e3.js","js","200","assets/js/corner-br.d630b7e3.js","117","done",""
"https://kprverse.com/_nuxt/article-quote.556f4de7.js","js","200","assets/js/article-quote.556f4de7.js","875","done",""
"https://kprverse.com/_nuxt/bottom-1.3ef9d193.svg","svg","200","assets/images/bottom-1.3ef9d193.svg","187","done",""
"https://kprverse.com/_nuxt/corner-br.8fc74044.svg","svg","200","assets/images/corner-br.8fc74044.svg","306","done",""
"https://kprverse.com/_nuxt/bottom-1.3ef9d193.svg?inline=","svg","200","assets/images/bottom-1.3ef9d193-2.svg","187","done",""
"https://kprverse.com/_nuxt/corner-br.8fc74044.svg?inline=","svg","200","assets/images/corner-br.8fc74044-2.svg","306","done",""